"model","accuracy","sensitivity","specificity","balanced_accuracy","precision","f1","auc"
"Logistic Regression (CV-tuned threshold = 0.90)",0.697674418604651,0.74,0.551724137931034,0.645862068965517,0.850574712643678,0.79144385026738,0.662758620689655
"kNN (CV-tuned k = 25)",0.775193798449612,1,0,0.5,0.775193798449612,0.873362445414847,0.793965517241379
"BASELINE (always predict Pass)",0.775193798449612,1,0,0.5,0.775193798449612,NA,0.5
